{"welcomeFile":"/index.html","authenticationMethod":"route","routes":[{"source":"^/odata/(.*)$","target":"/odata/$1","destination":"devtober-srv-api","authenticationType":"xsuaa","csrfProtection":false},{"source":"^/resources/(.*)$","target":"/resources/$1","authenticationType":"none","destination":"ui5"},{"source":"^/test-resources/(.*)$","target":"/test-resources/$1","authenticationType":"none","destination":"ui5"},{"source":"^(.*)$","target":"$1","service":"html5-apps-repo-rt","authenticationType":"xsuaa"}]}